{
  "format_version": "1.21.80",
  "minecraft:lighting_settings": {
    "description": {
      "identifier": "vrd:global"
    },
    "directional_lights": {
      "orbital": {
      "sun": {
        "illuminance": {
          "0.000000": 215,
          "0.215000": 175,
          "0.240000": 5,
          "0.350000": 0,
          "0.680000": 0,
          "0.740000": 3,
          "0.770000": 215,
          "0.827000": 275
        },
        "color": {
          "0.000000": [255, 216,190],
          "1.600000": [255, 186,125],
          "0.215000": [ 255, 22,3],
          "0.260000": [  0, 0,0],
          "0.300000": [  0, 0,0],
          "0.670000": [ 0, 0,0],
          "0.680000": [ 0, 0,0 ],
          "0.690000": [ 0, 0,0],
          "0.740000": [ 255, 30,5 ],
          "0.770000": [ 255, 30,5 ],
          "0.800000": [ 255, 186,125]
        }
      },
      "moon": {
        "illuminance": {
          "0.000000":2.1,
          "0.730000": 2.1,
          "0.740000": 4.2
        },
        "color": {
          "0.000000": [34, 70, 255]
         }
      },
      "orbital_offset_degrees": {
        "0.000000": 307.0,
        "0.215000": 320.0,
        "0.500000": 307.0,
        "0.827000": 320.0
     
      }
    },
    "flash": {
      "illuminance": 0.0,
      "color": [ 182, 0, 255 ]
    }
  },
    "emissive": {
      "desaturation": 0.07
    },
    "ambient": {
      "illuminance": 0.2,
      "color": [30, 30, 30]
    },
    "sky": {
      "intensity": 0.35
    }
  }
}