{
    "format_version": "1.21.40",
    "minecraft:atmosphere_settings": {
        "description": {
            "identifier": "vrd:atmospherics"
        },
      "sky_zenith_color": {
      "0.000000": [86, 122,255],
      "0.160000": [86, 122,255],
      "0.215000": [166, 182,255],
      "0.235000": [166, 182,255],
      "0.300000": [5, 30,90],
      "0.690000": [5, 30,90],
      "0.740000": [196, 222,255],
       "0.790000":[175, 192,255],
      "0.825000": [86, 122,255]
    },
    "sky_horizon_color": {
      "0.000000": [185, 229, 255],
      "0.160000": [185, 229, 255],
      "0.215000": [255, 165, 135],
      "0.235000": [255, 135, 105],
      "0.300000": [35, 50,110],
      "0.690000": [35, 50,110],
      "0.740000": [255, 215, 185],
      "0.790000": [255, 215, 185],
      "0.825000": [235, 249, 255]
    },
    "rayleigh_strength": {
      "0.000000": 1.75,
      "0.160000": 2.1,
      "0.215000": 0.75,
      "0.350000": 0.25,
      "0.690000": 0.25,
      "0.740000": 1.35,
      "0.790000": 1.55,
      "0.825000": 1.75
    },
    "sun_mie_strength": {
      "0.000000":0.7,
      "0.120000":0.7,
      "0.160000":12.7,
      "0.215000": 12.7,
      "0.235000": 23,
      "0.300000": 15,
      "0.690000": 21,
      "0.740000": 7.15,
      "0.790000": 7.15,
      "0.825000": 12.7,
      "0.950000": 0.7
    },
    "moon_mie_strength": {
      "0.000000":0.7,
      "0.120000":0.7,
      "0.160000":1.7,
      "0.215000": 1.7,
      "0.235000": 0.4,
      "0.300000": 0.3,
      "0.690000":0.3,
      "0.740000": 7.15,
      "0.790000": 7.15,
      "0.825000": 1.7,
      "0.950000": 0.7
    },
    "sun_glare_shape": {
      "0.000000": 3,
      "0.120000":3,
      "0.140000":0.51,
      "0.215000": 1.7,
      "0.235000": 0.1,
      "0.300000": 0.2,
      "0.690000":3.3,
      "0.740000": 0.11,
      "0.790000": 0.21,
      "0.825000": 0.51,
      "0.950000": 3
    },
    "horizon_blend_stops": {
      "min": {
        "0.000000": 0.27,
        "0.140000": 0.36,
        "0.215000": 0.36,
        "0.235000": 0.36,
        "0.300000": 0.26,
        "0.690000": 0.26,
        "0.740000": 0.37,
        "0.790000": 0.37,
        "0.825000": 0.27
      },
      "start": {
        "0.000000": 0.552,
        "0.140000": 0.613,
        "0.215000": 0.713,
        "0.235000": 0.661,
        "0.300000": 0.581,
        "0.690000": 0.581,
        "0.740000": 0.747,
        "0.790000": 0.747,
        "0.825000": 0.552
      },
      "mie_start": {
        "0.000000": 0.1,
        "0.140000": 0.952,
        "0.215000": 0.952,
        "0.235000": 0.952,
        "0.300000": 0.952,
        "0.340000": 0.1,
        "0.690000": 0.1,
        "0.740000": 0.952,
        "0.790000": 0.952,
        "0.875000": 0.952,
        "0.950000": 0.1

      },
      "max": {
        "0.000000": 0.384,
        "0.120000": 0.384,
        "0.160000": 0.452,
        "0.740000": 0.484,
        "0.790000": 0.484,
        "0.825000": 0.384
      }
        }
    }
}